{"cameraMode":{"drawMode":0,"name":"Shaded","section":"Shading Mode"},"sceneLighting":true,"audioPlay":false,"sceneViewState":{"showFog":true,"showMaterialUpdate":false,"showSkybox":true,"showFlares":true,"showImageEffects":true,"showParticleSystems":true},"in2DMode":false,"pivot":{"x":-0.07620959728956223,"y":-0.13737034797668458,"z":-1.3023512363433838},"rotation":{"x":-0.013086372055113316,"y":-0.9012342095375061,"z":0.43235787749290469,"w":-0.027279241010546685},"size":2.155578374862671,"orthographic":false}